timestamp,fps,latency_ms,cpu_percent,ram_mb,method,model,scope,file_source,frame_idx
2025-09-09T19:45:06,0.163,6145.884,16.1,337.71,BoundingBoxes,YOLOv4tiny,flower,FlowerAI/20250909_194459_BBoxes-YOLOv4tiny_webcam.csv,0
2025-09-09T19:45:06,1.707,585.738,88.2,344.02,BoundingBoxes,YOLOv4tiny,flower,FlowerAI/20250909_194459_BBoxes-YOLOv4tiny_webcam.csv,1
2025-09-09T19:45:07,2.376,420.933,89.2,345.02,BoundingBoxes,YOLOv4tiny,flower,FlowerAI/20250909_194459_BBoxes-YOLOv4tiny_webcam.csv,2
2025-09-09T19:45:07,2.493,401.158,90.3,345.02,BoundingBoxes,YOLOv4tiny,flower,FlowerAI/20250909_194459_BBoxes-YOLOv4tiny_webcam.csv,3
2025-09-09T19:45:07,2.442,409.556,89.9,345.02,BoundingBoxes,YOLOv4tiny,flower,FlowerAI/20250909_194459_BBoxes-YOLOv4tiny_webcam.csv,4
2025-09-09T19:45:08,2.396,417.392,88.8,345.18,BoundingBoxes,YOLOv4tiny,flower,FlowerAI/20250909_194459_BBoxes-YOLOv4tiny_webcam.csv,5
2025-09-09T19:45:08,2.293,436.059,90.5,345.18,BoundingBoxes,YOLOv4tiny,flower,FlowerAI/20250909_194459_BBoxes-YOLOv4tiny_webcam.csv,6
2025-09-09T19:45:09,2.458,406.827,90.4,345.18,BoundingBoxes,YOLOv4tiny,flower,FlowerAI/20250909_194459_BBoxes-YOLOv4tiny_webcam.csv,7
2025-09-09T19:45:09,2.458,406.889,91.5,345.18,BoundingBoxes,YOLOv4tiny,flower,FlowerAI/20250909_194459_BBoxes-YOLOv4tiny_webcam.csv,8
2025-09-09T19:45:10,2.418,413.552,90.6,345.18,BoundingBoxes,YOLOv4tiny,flower,FlowerAI/20250909_194459_BBoxes-YOLOv4tiny_webcam.csv,9
2025-09-09T19:45:10,2.261,442.354,94.0,345.59,BoundingBoxes,YOLOv4tiny,flower,FlowerAI/20250909_194459_BBoxes-YOLOv4tiny_webcam.csv,10
2025-09-09T19:45:11,2.073,482.375,87.3,345.59,BoundingBoxes,YOLOv4tiny,flower,FlowerAI/20250909_194459_BBoxes-YOLOv4tiny_webcam.csv,11
2025-09-09T19:45:11,2.483,402.707,91.5,345.59,BoundingBoxes,YOLOv4tiny,flower,FlowerAI/20250909_194459_BBoxes-YOLOv4tiny_webcam.csv,12
2025-09-09T19:45:11,1.926,519.139,86.9,345.59,BoundingBoxes,YOLOv4tiny,flower,FlowerAI/20250909_194459_BBoxes-YOLOv4tiny_webcam.csv,13
2025-09-09T19:45:12,2.455,407.314,90.5,345.59,BoundingBoxes,YOLOv4tiny,flower,FlowerAI/20250909_194459_BBoxes-YOLOv4tiny_webcam.csv,14
2025-09-09T19:45:12,2.481,403.069,90.9,345.59,BoundingBoxes,YOLOv4tiny,flower,FlowerAI/20250909_194459_BBoxes-YOLOv4tiny_webcam.csv,15
2025-09-09T19:45:13,2.34,427.388,89.7,345.59,BoundingBoxes,YOLOv4tiny,flower,FlowerAI/20250909_194459_BBoxes-YOLOv4tiny_webcam.csv,16
2025-09-09T19:45:13,2.429,411.731,91.1,345.59,BoundingBoxes,YOLOv4tiny,flower,FlowerAI/20250909_194459_BBoxes-YOLOv4tiny_webcam.csv,17
2025-09-09T19:45:14,2.409,415.161,91.2,345.59,BoundingBoxes,YOLOv4tiny,flower,FlowerAI/20250909_194459_BBoxes-YOLOv4tiny_webcam.csv,18
2025-09-09T19:45:14,2.438,410.104,91.1,345.59,BoundingBoxes,YOLOv4tiny,flower,FlowerAI/20250909_194459_BBoxes-YOLOv4tiny_webcam.csv,19
2025-09-09T19:45:14,2.463,405.963,90.3,345.59,BoundingBoxes,YOLOv4tiny,flower,FlowerAI/20250909_194459_BBoxes-YOLOv4tiny_webcam.csv,20
2025-09-09T19:45:15,2.262,442.046,90.1,345.59,BoundingBoxes,YOLOv4tiny,flower,FlowerAI/20250909_194459_BBoxes-YOLOv4tiny_webcam.csv,21
2025-09-09T19:45:15,2.422,412.902,90.5,345.59,BoundingBoxes,YOLOv4tiny,flower,FlowerAI/20250909_194459_BBoxes-YOLOv4tiny_webcam.csv,22
2025-09-09T19:45:16,2.456,407.188,90.4,345.59,BoundingBoxes,YOLOv4tiny,flower,FlowerAI/20250909_194459_BBoxes-YOLOv4tiny_webcam.csv,23
2025-09-09T19:45:16,2.432,411.261,91.1,345.59,BoundingBoxes,YOLOv4tiny,flower,FlowerAI/20250909_194459_BBoxes-YOLOv4tiny_webcam.csv,24
2025-09-09T19:45:17,2.501,399.791,90.9,345.59,BoundingBoxes,YOLOv4tiny,flower,FlowerAI/20250909_194459_BBoxes-YOLOv4tiny_webcam.csv,25
2025-09-09T19:45:17,2.31,432.897,90.3,345.59,BoundingBoxes,YOLOv4tiny,flower,FlowerAI/20250909_194459_BBoxes-YOLOv4tiny_webcam.csv,26
2025-09-09T19:45:17,2.418,413.617,91.2,345.59,BoundingBoxes,YOLOv4tiny,flower,FlowerAI/20250909_194459_BBoxes-YOLOv4tiny_webcam.csv,27
2025-09-09T19:45:18,2.47,404.875,91.1,345.59,BoundingBoxes,YOLOv4tiny,flower,FlowerAI/20250909_194459_BBoxes-YOLOv4tiny_webcam.csv,28
2025-09-09T19:45:18,2.367,422.449,90.8,345.59,BoundingBoxes,YOLOv4tiny,flower,FlowerAI/20250909_194459_BBoxes-YOLOv4tiny_webcam.csv,29
2025-09-09T19:45:19,2.436,410.552,91.1,345.59,BoundingBoxes,YOLOv4tiny,flower,FlowerAI/20250909_194459_BBoxes-YOLOv4tiny_webcam.csv,30
2025-09-09T19:45:19,2.349,425.666,89.8,345.59,BoundingBoxes,YOLOv4tiny,flower,FlowerAI/20250909_194459_BBoxes-YOLOv4tiny_webcam.csv,31
2025-09-09T19:45:20,2.481,403.077,91.0,345.59,BoundingBoxes,YOLOv4tiny,flower,FlowerAI/20250909_194459_BBoxes-YOLOv4tiny_webcam.csv,32
2025-09-09T19:45:20,2.433,411.074,90.6,345.59,BoundingBoxes,YOLOv4tiny,flower,FlowerAI/20250909_194459_BBoxes-YOLOv4tiny_webcam.csv,33
2025-09-09T19:45:20,2.442,409.558,91.2,345.59,BoundingBoxes,YOLOv4tiny,flower,FlowerAI/20250909_194459_BBoxes-YOLOv4tiny_webcam.csv,34
2025-09-09T19:45:21,2.451,408.062,91.0,345.59,BoundingBoxes,YOLOv4tiny,flower,FlowerAI/20250909_194459_BBoxes-YOLOv4tiny_webcam.csv,35
2025-09-09T19:45:21,2.27,440.569,89.6,345.59,BoundingBoxes,YOLOv4tiny,flower,FlowerAI/20250909_194459_BBoxes-YOLOv4tiny_webcam.csv,36
2025-09-09T19:45:22,2.431,411.282,90.6,345.59,BoundingBoxes,YOLOv4tiny,flower,FlowerAI/20250909_194459_BBoxes-YOLOv4tiny_webcam.csv,37
2025-09-09T19:45:22,2.458,406.828,90.9,345.59,BoundingBoxes,YOLOv4tiny,flower,FlowerAI/20250909_194459_BBoxes-YOLOv4tiny_webcam.csv,38
2025-09-09T19:45:23,2.515,397.628,90.3,345.59,BoundingBoxes,YOLOv4tiny,flower,FlowerAI/20250909_194459_BBoxes-YOLOv4tiny_webcam.csv,39
2025-09-09T19:45:23,2.442,409.437,91.0,345.59,BoundingBoxes,YOLOv4tiny,flower,FlowerAI/20250909_194459_BBoxes-YOLOv4tiny_webcam.csv,40
2025-09-09T19:45:23,2.26,442.476,90.7,345.59,BoundingBoxes,YOLOv4tiny,flower,FlowerAI/20250909_194459_BBoxes-YOLOv4tiny_webcam.csv,41
2025-09-09T19:45:24,2.398,417.049,91.8,345.59,BoundingBoxes,YOLOv4tiny,flower,FlowerAI/20250909_194459_BBoxes-YOLOv4tiny_webcam.csv,42
2025-09-09T19:45:24,2.417,413.693,90.6,345.59,BoundingBoxes,YOLOv4tiny,flower,FlowerAI/20250909_194459_BBoxes-YOLOv4tiny_webcam.csv,43
2025-09-09T19:45:25,2.372,421.626,91.4,345.59,BoundingBoxes,YOLOv4tiny,flower,FlowerAI/20250909_194459_BBoxes-YOLOv4tiny_webcam.csv,44
2025-09-09T19:45:25,2.463,406.044,90.5,345.59,BoundingBoxes,YOLOv4tiny,flower,FlowerAI/20250909_194459_BBoxes-YOLOv4tiny_webcam.csv,45
2025-09-09T19:45:26,2.287,437.265,90.4,345.59,BoundingBoxes,YOLOv4tiny,flower,FlowerAI/20250909_194459_BBoxes-YOLOv4tiny_webcam.csv,46
2025-09-09T19:45:26,2.413,414.397,91.2,345.59,BoundingBoxes,YOLOv4tiny,flower,FlowerAI/20250909_194459_BBoxes-YOLOv4tiny_webcam.csv,47
2025-09-09T19:45:26,2.456,407.24,90.5,345.59,BoundingBoxes,YOLOv4tiny,flower,FlowerAI/20250909_194459_BBoxes-YOLOv4tiny_webcam.csv,48
2025-09-09T19:45:27,2.499,400.197,90.9,345.59,BoundingBoxes,YOLOv4tiny,flower,FlowerAI/20250909_194459_BBoxes-YOLOv4tiny_webcam.csv,49
2025-09-09T19:45:27,2.436,410.557,91.0,345.59,BoundingBoxes,YOLOv4tiny,flower,FlowerAI/20250909_194459_BBoxes-YOLOv4tiny_webcam.csv,50
2025-09-09T19:45:28,2.26,442.5,89.7,345.59,BoundingBoxes,YOLOv4tiny,flower,FlowerAI/20250909_194459_BBoxes-YOLOv4tiny_webcam.csv,51
2025-09-09T19:45:28,2.451,408.016,91.0,345.59,BoundingBoxes,YOLOv4tiny,flower,FlowerAI/20250909_194459_BBoxes-YOLOv4tiny_webcam.csv,52
2025-09-09T19:45:29,2.44,409.781,90.5,345.59,BoundingBoxes,YOLOv4tiny,flower,FlowerAI/20250909_194459_BBoxes-YOLOv4tiny_webcam.csv,53
2025-09-09T19:45:29,2.452,407.831,90.6,345.59,BoundingBoxes,YOLOv4tiny,flower,FlowerAI/20250909_194459_BBoxes-YOLOv4tiny_webcam.csv,54
2025-09-09T19:45:29,2.45,408.184,91.1,345.59,BoundingBoxes,YOLOv4tiny,flower,FlowerAI/20250909_194459_BBoxes-YOLOv4tiny_webcam.csv,55
2025-09-09T19:45:30,2.292,436.392,90.4,345.59,BoundingBoxes,YOLOv4tiny,flower,FlowerAI/20250909_194459_BBoxes-YOLOv4tiny_webcam.csv,56
2025-09-09T19:45:30,2.425,412.317,91.2,345.59,BoundingBoxes,YOLOv4tiny,flower,FlowerAI/20250909_194459_BBoxes-YOLOv4tiny_webcam.csv,57
2025-09-09T19:45:31,2.427,412.067,90.6,345.59,BoundingBoxes,YOLOv4tiny,flower,FlowerAI/20250909_194459_BBoxes-YOLOv4tiny_webcam.csv,58
2025-09-09T19:45:31,2.439,409.941,91.1,345.59,BoundingBoxes,YOLOv4tiny,flower,FlowerAI/20250909_194459_BBoxes-YOLOv4tiny_webcam.csv,59
2025-09-09T19:45:32,2.335,428.282,90.3,345.59,BoundingBoxes,YOLOv4tiny,flower,FlowerAI/20250909_194459_BBoxes-YOLOv4tiny_webcam.csv,60
2025-09-09T19:45:32,2.307,433.521,89.4,345.59,BoundingBoxes,YOLOv4tiny,flower,FlowerAI/20250909_194459_BBoxes-YOLOv4tiny_webcam.csv,61
2025-09-09T19:45:32,2.5,400.058,90.9,345.59,BoundingBoxes,YOLOv4tiny,flower,FlowerAI/20250909_194459_BBoxes-YOLOv4tiny_webcam.csv,62
2025-09-09T19:45:33,2.499,400.115,90.7,345.59,BoundingBoxes,YOLOv4tiny,flower,FlowerAI/20250909_194459_BBoxes-YOLOv4tiny_webcam.csv,63
2025-09-09T19:45:33,2.482,402.867,91.1,345.59,BoundingBoxes,YOLOv4tiny,flower,FlowerAI/20250909_194459_BBoxes-YOLOv4tiny_webcam.csv,64
2025-09-09T19:45:34,2.496,400.565,90.9,345.59,BoundingBoxes,YOLOv4tiny,flower,FlowerAI/20250909_194459_BBoxes-YOLOv4tiny_webcam.csv,65
2025-09-09T19:45:34,2.311,432.625,89.9,345.59,BoundingBoxes,YOLOv4tiny,flower,FlowerAI/20250909_194459_BBoxes-YOLOv4tiny_webcam.csv,66
2025-09-09T19:45:34,2.495,400.831,90.9,345.59,BoundingBoxes,YOLOv4tiny,flower,FlowerAI/20250909_194459_BBoxes-YOLOv4tiny_webcam.csv,67
2025-09-09T19:45:35,2.492,401.226,91.5,345.59,BoundingBoxes,YOLOv4tiny,flower,FlowerAI/20250909_194459_BBoxes-YOLOv4tiny_webcam.csv,68
2025-09-09T19:45:35,2.502,399.684,89.7,345.59,BoundingBoxes,YOLOv4tiny,flower,FlowerAI/20250909_194459_BBoxes-YOLOv4tiny_webcam.csv,69
2025-09-09T19:45:36,2.488,401.968,91.0,345.59,BoundingBoxes,YOLOv4tiny,flower,FlowerAI/20250909_194459_BBoxes-YOLOv4tiny_webcam.csv,70
2025-09-09T19:45:36,2.334,428.451,90.4,345.59,BoundingBoxes,YOLOv4tiny,flower,FlowerAI/20250909_194459_BBoxes-YOLOv4tiny_webcam.csv,71
2025-09-09T19:45:37,2.473,404.327,91.0,345.59,BoundingBoxes,YOLOv4tiny,flower,FlowerAI/20250909_194459_BBoxes-YOLOv4tiny_webcam.csv,72
2025-09-09T19:45:37,2.514,397.818,90.2,345.59,BoundingBoxes,YOLOv4tiny,flower,FlowerAI/20250909_194459_BBoxes-YOLOv4tiny_webcam.csv,73
2025-09-09T19:45:37,2.084,479.807,89.7,345.59,BoundingBoxes,YOLOv4tiny,flower,FlowerAI/20250909_194459_BBoxes-YOLOv4tiny_webcam.csv,74
2025-09-09T19:45:38,2.368,422.284,90.3,345.59,BoundingBoxes,YOLOv4tiny,flower,FlowerAI/20250909_194459_BBoxes-YOLOv4tiny_webcam.csv,75
2025-09-09T19:45:38,2.296,435.529,90.4,345.59,BoundingBoxes,YOLOv4tiny,flower,FlowerAI/20250909_194459_BBoxes-YOLOv4tiny_webcam.csv,76
2025-09-09T19:45:39,2.439,410.007,89.9,345.59,BoundingBoxes,YOLOv4tiny,flower,FlowerAI/20250909_194459_BBoxes-YOLOv4tiny_webcam.csv,77
2025-09-09T19:45:39,2.417,413.668,90.6,345.59,BoundingBoxes,YOLOv4tiny,flower,FlowerAI/20250909_194459_BBoxes-YOLOv4tiny_webcam.csv,78
2025-09-09T19:45:40,2.415,414.091,90.5,345.59,BoundingBoxes,YOLOv4tiny,flower,FlowerAI/20250909_194459_BBoxes-YOLOv4tiny_webcam.csv,79
2025-09-09T19:45:40,2.423,412.643,91.6,345.59,BoundingBoxes,YOLOv4tiny,flower,FlowerAI/20250909_194459_BBoxes-YOLOv4tiny_webcam.csv,80
2025-09-09T19:45:41,2.276,439.413,89.4,345.59,BoundingBoxes,YOLOv4tiny,flower,FlowerAI/20250909_194459_BBoxes-YOLOv4tiny_webcam.csv,81
2025-09-09T19:45:41,2.448,408.447,91.0,345.59,BoundingBoxes,YOLOv4tiny,flower,FlowerAI/20250909_194459_BBoxes-YOLOv4tiny_webcam.csv,82
2025-09-09T19:45:41,2.486,402.228,91.0,345.59,BoundingBoxes,YOLOv4tiny,flower,FlowerAI/20250909_194459_BBoxes-YOLOv4tiny_webcam.csv,83
2025-09-09T19:45:42,2.441,409.719,91.0,345.59,BoundingBoxes,YOLOv4tiny,flower,FlowerAI/20250909_194459_BBoxes-YOLOv4tiny_webcam.csv,84
2025-09-09T19:45:42,2.397,417.145,91.7,345.59,BoundingBoxes,YOLOv4tiny,flower,FlowerAI/20250909_194459_BBoxes-YOLOv4tiny_webcam.csv,85
2025-09-09T19:45:43,2.311,432.69,90.3,345.59,BoundingBoxes,YOLOv4tiny,flower,FlowerAI/20250909_194459_BBoxes-YOLOv4tiny_webcam.csv,86
2025-09-09T19:45:43,2.435,410.651,90.6,345.59,BoundingBoxes,YOLOv4tiny,flower,FlowerAI/20250909_194459_BBoxes-YOLOv4tiny_webcam.csv,87
2025-09-09T19:45:43,2.429,411.699,91.7,345.59,BoundingBoxes,YOLOv4tiny,flower,FlowerAI/20250909_194459_BBoxes-YOLOv4tiny_webcam.csv,88
2025-09-09T19:45:44,2.462,406.116,90.4,345.59,BoundingBoxes,YOLOv4tiny,flower,FlowerAI/20250909_194459_BBoxes-YOLOv4tiny_webcam.csv,89
2025-09-09T19:45:44,2.408,415.349,91.2,345.59,BoundingBoxes,YOLOv4tiny,flower,FlowerAI/20250909_194459_BBoxes-YOLOv4tiny_webcam.csv,90
2025-09-09T19:45:45,2.338,427.696,90.2,345.59,BoundingBoxes,YOLOv4tiny,flower,FlowerAI/20250909_194459_BBoxes-YOLOv4tiny_webcam.csv,91
2025-09-09T19:45:45,2.422,412.845,91.2,345.59,BoundingBoxes,YOLOv4tiny,flower,FlowerAI/20250909_194459_BBoxes-YOLOv4tiny_webcam.csv,92
2025-09-09T19:45:46,2.42,413.308,90.6,345.59,BoundingBoxes,YOLOv4tiny,flower,FlowerAI/20250909_194459_BBoxes-YOLOv4tiny_webcam.csv,93
2025-09-09T19:45:46,2.461,406.353,90.4,345.59,BoundingBoxes,YOLOv4tiny,flower,FlowerAI/20250909_194459_BBoxes-YOLOv4tiny_webcam.csv,94
2025-09-09T19:45:46,2.463,405.991,91.1,345.59,BoundingBoxes,YOLOv4tiny,flower,FlowerAI/20250909_194459_BBoxes-YOLOv4tiny_webcam.csv,95
2025-09-09T19:45:47,2.333,428.713,89.1,345.59,BoundingBoxes,YOLOv4tiny,flower,FlowerAI/20250909_194459_BBoxes-YOLOv4tiny_webcam.csv,96
2025-09-09T19:45:47,2.465,405.637,91.0,345.59,BoundingBoxes,YOLOv4tiny,flower,FlowerAI/20250909_194459_BBoxes-YOLOv4tiny_webcam.csv,97
2025-09-09T19:45:48,2.485,402.455,91.5,345.59,BoundingBoxes,YOLOv4tiny,flower,FlowerAI/20250909_194459_BBoxes-YOLOv4tiny_webcam.csv,98
2025-09-09T19:45:48,2.445,408.998,91.1,345.59,BoundingBoxes,YOLOv4tiny,flower,FlowerAI/20250909_194459_BBoxes-YOLOv4tiny_webcam.csv,99
2025-09-09T19:45:49,2.465,405.624,91.0,345.59,BoundingBoxes,YOLOv4tiny,flower,FlowerAI/20250909_194459_BBoxes-YOLOv4tiny_webcam.csv,100
2025-09-09T19:45:49,2.317,431.597,89.8,345.59,BoundingBoxes,YOLOv4tiny,flower,FlowerAI/20250909_194459_BBoxes-YOLOv4tiny_webcam.csv,101
2025-09-09T19:45:49,2.463,406.014,90.5,345.59,BoundingBoxes,YOLOv4tiny,flower,FlowerAI/20250909_194459_BBoxes-YOLOv4tiny_webcam.csv,102
2025-09-09T19:45:50,2.386,419.091,91.2,345.59,BoundingBoxes,YOLOv4tiny,flower,FlowerAI/20250909_194459_BBoxes-YOLOv4tiny_webcam.csv,103
2025-09-09T19:45:50,2.424,412.535,90.7,345.59,BoundingBoxes,YOLOv4tiny,flower,FlowerAI/20250909_194459_BBoxes-YOLOv4tiny_webcam.csv,104
2025-09-09T19:45:51,2.444,409.202,91.1,345.59,BoundingBoxes,YOLOv4tiny,flower,FlowerAI/20250909_194459_BBoxes-YOLOv4tiny_webcam.csv,105
2025-09-09T19:45:51,2.361,423.494,90.8,345.59,BoundingBoxes,YOLOv4tiny,flower,FlowerAI/20250909_194459_BBoxes-YOLOv4tiny_webcam.csv,106
2025-09-09T19:45:52,2.476,403.8,91.0,345.59,BoundingBoxes,YOLOv4tiny,flower,FlowerAI/20250909_194459_BBoxes-YOLOv4tiny_webcam.csv,107
2025-09-09T19:45:52,2.464,405.888,90.5,345.59,BoundingBoxes,YOLOv4tiny,flower,FlowerAI/20250909_194459_BBoxes-YOLOv4tiny_webcam.csv,108
2025-09-09T19:45:52,2.441,409.717,91.1,345.59,BoundingBoxes,YOLOv4tiny,flower,FlowerAI/20250909_194459_BBoxes-YOLOv4tiny_webcam.csv,109
2025-09-09T19:45:53,2.466,405.536,91.0,345.59,BoundingBoxes,YOLOv4tiny,flower,FlowerAI/20250909_194459_BBoxes-YOLOv4tiny_webcam.csv,110
2025-09-09T19:45:53,2.337,427.989,90.2,345.59,BoundingBoxes,YOLOv4tiny,flower,FlowerAI/20250909_194459_BBoxes-YOLOv4tiny_webcam.csv,111
2025-09-09T19:45:54,2.496,400.62,90.4,345.59,BoundingBoxes,YOLOv4tiny,flower,FlowerAI/20250909_194459_BBoxes-YOLOv4tiny_webcam.csv,112
2025-09-09T19:45:54,2.481,403.012,90.9,345.59,BoundingBoxes,YOLOv4tiny,flower,FlowerAI/20250909_194459_BBoxes-YOLOv4tiny_webcam.csv,113
2025-09-09T19:45:55,2.445,408.98,91.1,345.59,BoundingBoxes,YOLOv4tiny,flower,FlowerAI/20250909_194459_BBoxes-YOLOv4tiny_webcam.csv,114
2025-09-09T19:45:55,2.423,412.713,91.1,345.59,BoundingBoxes,YOLOv4tiny,flower,FlowerAI/20250909_194459_BBoxes-YOLOv4tiny_webcam.csv,115
2025-09-09T19:45:55,2.322,430.727,89.9,345.59,BoundingBoxes,YOLOv4tiny,flower,FlowerAI/20250909_194459_BBoxes-YOLOv4tiny_webcam.csv,116
2025-09-09T19:45:56,2.464,405.79,91.5,345.59,BoundingBoxes,YOLOv4tiny,flower,FlowerAI/20250909_194459_BBoxes-YOLOv4tiny_webcam.csv,117
2025-09-09T19:45:56,2.426,412.199,90.5,345.59,BoundingBoxes,YOLOv4tiny,flower,FlowerAI/20250909_194459_BBoxes-YOLOv4tiny_webcam.csv,118
2025-09-09T19:45:57,2.478,403.551,90.9,345.59,BoundingBoxes,YOLOv4tiny,flower,FlowerAI/20250909_194459_BBoxes-YOLOv4tiny_webcam.csv,119
2025-09-09T19:45:57,2.481,403.095,90.4,345.59,BoundingBoxes,YOLOv4tiny,flower,FlowerAI/20250909_194459_BBoxes-YOLOv4tiny_webcam.csv,120
2025-09-09T19:45:58,2.204,453.659,89.1,345.59,BoundingBoxes,YOLOv4tiny,flower,FlowerAI/20250909_194459_BBoxes-YOLOv4tiny_webcam.csv,121
2025-09-09T19:45:58,2.461,406.273,90.5,345.59,BoundingBoxes,YOLOv4tiny,flower,FlowerAI/20250909_194459_BBoxes-YOLOv4tiny_webcam.csv,122
2025-09-09T19:45:58,2.487,402.07,91.5,345.59,BoundingBoxes,YOLOv4tiny,flower,FlowerAI/20250909_194459_BBoxes-YOLOv4tiny_webcam.csv,123
2025-09-09T19:45:59,2.509,398.587,90.3,345.59,BoundingBoxes,YOLOv4tiny,flower,FlowerAI/20250909_194459_BBoxes-YOLOv4tiny_webcam.csv,124
2025-09-09T19:45:59,2.469,405.089,90.9,345.59,BoundingBoxes,YOLOv4tiny,flower,FlowerAI/20250909_194459_BBoxes-YOLOv4tiny_webcam.csv,125
2025-09-09T19:46:00,2.295,435.771,89.3,345.59,BoundingBoxes,YOLOv4tiny,flower,FlowerAI/20250909_194459_BBoxes-YOLOv4tiny_webcam.csv,126
2025-09-09T19:46:00,2.508,398.76,90.2,345.59,BoundingBoxes,YOLOv4tiny,flower,FlowerAI/20250909_194459_BBoxes-YOLOv4tiny_webcam.csv,127
2025-09-09T19:46:00,2.475,404.042,90.9,345.59,BoundingBoxes,YOLOv4tiny,flower,FlowerAI/20250909_194459_BBoxes-YOLOv4tiny_webcam.csv,128
2025-09-09T19:46:01,2.495,400.768,90.4,345.59,BoundingBoxes,YOLOv4tiny,flower,FlowerAI/20250909_194459_BBoxes-YOLOv4tiny_webcam.csv,129
2025-09-09T19:46:01,2.487,402.166,90.9,345.59,BoundingBoxes,YOLOv4tiny,flower,FlowerAI/20250909_194459_BBoxes-YOLOv4tiny_webcam.csv,130
2025-09-09T19:46:02,2.308,433.317,90.4,345.59,BoundingBoxes,YOLOv4tiny,flower,FlowerAI/20250909_194459_BBoxes-YOLOv4tiny_webcam.csv,131
2025-09-09T19:46:02,2.321,430.921,91.0,345.59,BoundingBoxes,YOLOv4tiny,flower,FlowerAI/20250909_194459_BBoxes-YOLOv4tiny_webcam.csv,132
2025-09-09T19:46:03,1.921,520.572,89.1,345.59,BoundingBoxes,YOLOv4tiny,flower,FlowerAI/20250909_194459_BBoxes-YOLOv4tiny_webcam.csv,133
2025-09-09T19:46:03,2.231,448.263,88.6,345.59,BoundingBoxes,YOLOv4tiny,flower,FlowerAI/20250909_194459_BBoxes-YOLOv4tiny_webcam.csv,134
2025-09-09T19:46:04,1.937,516.135,86.7,345.72,BoundingBoxes,YOLOv4tiny,flower,FlowerAI/20250909_194459_BBoxes-YOLOv4tiny_webcam.csv,135
2025-09-11T21:04:58,0.024,42215.127,100.0,730.67,KeyPoints,ResNet50,flower,FlowerAI/20250911_210416_KeyPoints-resnet50_webcam.csv,0
2025-09-11T21:05:34,0.028,35457.829,100.0,730.64,KeyPoints,ResNet50,flower,FlowerAI/20250911_210416_KeyPoints-resnet50_webcam.csv,1
2025-09-11T21:06:10,0.028,35823.371,100.0,770.16,KeyPoints,ResNet50,flower,FlowerAI/20250911_210416_KeyPoints-resnet50_webcam.csv,2
2025-09-11T21:06:45,0.028,35515.39,100.0,766.84,KeyPoints,ResNet50,flower,FlowerAI/20250911_210416_KeyPoints-resnet50_webcam.csv,3
2025-09-11T21:07:20,0.028,35127.754,100.0,730.71,KeyPoints,ResNet50,flower,FlowerAI/20250911_210416_KeyPoints-resnet50_webcam.csv,4
2025-09-11T21:07:55,0.029,34421.919,100.0,768.5,KeyPoints,ResNet50,flower,FlowerAI/20250911_210416_KeyPoints-resnet50_webcam.csv,5
2025-09-11T21:08:32,0.027,36732.875,100.0,768.17,KeyPoints,ResNet50,flower,FlowerAI/20250911_210416_KeyPoints-resnet50_webcam.csv,6
2025-09-11T21:09:09,0.027,37235.898,100.0,769.26,KeyPoints,ResNet50,flower,FlowerAI/20250911_210416_KeyPoints-resnet50_webcam.csv,7
2025-09-11T21:09:46,0.027,36829.988,100.0,780.59,KeyPoints,ResNet50,flower,FlowerAI/20250911_210416_KeyPoints-resnet50_webcam.csv,8
2025-09-11T21:10:20,0.029,34493.85,100.0,769.99,KeyPoints,ResNet50,flower,FlowerAI/20250911_210416_KeyPoints-resnet50_webcam.csv,9
2025-09-11T21:10:54,0.029,34297.072,100.0,726.96,KeyPoints,ResNet50,flower,FlowerAI/20250911_210416_KeyPoints-resnet50_webcam.csv,10
2025-09-11T21:11:29,0.029,34736.828,100.0,726.17,KeyPoints,ResNet50,flower,FlowerAI/20250911_210416_KeyPoints-resnet50_webcam.csv,11
2025-09-11T21:12:05,0.028,35982.762,100.0,730.16,KeyPoints,ResNet50,flower,FlowerAI/20250911_210416_KeyPoints-resnet50_webcam.csv,12
2025-09-11T21:12:41,0.028,36062.259,100.0,770.63,KeyPoints,ResNet50,flower,FlowerAI/20250911_210416_KeyPoints-resnet50_webcam.csv,13
2025-09-11T21:13:17,0.028,35217.207,100.0,784.64,KeyPoints,ResNet50,flower,FlowerAI/20250911_210416_KeyPoints-resnet50_webcam.csv,14
2025-09-11T21:13:52,0.028,35498.926,100.0,788.38,KeyPoints,ResNet50,flower,FlowerAI/20250911_210416_KeyPoints-resnet50_webcam.csv,15
2025-09-11T21:14:28,0.028,35856.968,100.0,765.85,KeyPoints,ResNet50,flower,FlowerAI/20250911_210416_KeyPoints-resnet50_webcam.csv,16
2025-09-11T21:15:03,0.028,35559.862,100.0,769.91,KeyPoints,ResNet50,flower,FlowerAI/20250911_210416_KeyPoints-resnet50_webcam.csv,17
2025-09-11T21:15:40,0.028,36113.408,100.0,767.4,KeyPoints,ResNet50,flower,FlowerAI/20250911_210416_KeyPoints-resnet50_webcam.csv,18
2025-09-11T21:16:16,0.028,36207.587,100.0,766.36,KeyPoints,ResNet50,flower,FlowerAI/20250911_210416_KeyPoints-resnet50_webcam.csv,19
2025-09-11T21:16:50,0.029,34535.07,100.0,782.76,KeyPoints,ResNet50,flower,FlowerAI/20250911_210416_KeyPoints-resnet50_webcam.csv,20
2025-09-11T21:17:26,0.028,35624.148,100.0,769.08,KeyPoints,ResNet50,flower,FlowerAI/20250911_210416_KeyPoints-resnet50_webcam.csv,21
2025-09-11T21:18:02,0.028,35919.77,100.0,772.0,KeyPoints,ResNet50,flower,FlowerAI/20250911_210416_KeyPoints-resnet50_webcam.csv,22
2025-09-11T21:18:37,0.028,35110.311,100.0,771.97,KeyPoints,ResNet50,flower,FlowerAI/20250911_210416_KeyPoints-resnet50_webcam.csv,23
2025-09-11T21:19:12,0.029,34634.064,100.0,770.02,KeyPoints,ResNet50,flower,FlowerAI/20250911_210416_KeyPoints-resnet50_webcam.csv,24
2025-09-11T21:19:48,0.028,35806.304,100.0,768.91,KeyPoints,ResNet50,flower,FlowerAI/20250911_210416_KeyPoints-resnet50_webcam.csv,25
2025-09-12T19:42:54,0.94,1065.55,0.0,299.2,BoundingBoxes,YOLOv4tiny,local,Local/20250912_194252_BBoxes-YOLOv4tiny_webcam.csv,0
2025-09-12T19:42:54,2.34,426.78,100.0,306.5,BoundingBoxes,YOLOv4tiny,local,Local/20250912_194252_BBoxes-YOLOv4tiny_webcam.csv,1
2025-09-12T19:42:55,2.37,421.27,100.0,308.4,BoundingBoxes,YOLOv4tiny,local,Local/20250912_194252_BBoxes-YOLOv4tiny_webcam.csv,2
2025-09-12T19:42:55,2.39,417.61,100.0,308.4,BoundingBoxes,YOLOv4tiny,local,Local/20250912_194252_BBoxes-YOLOv4tiny_webcam.csv,3
2025-09-12T19:42:56,2.36,423.3,100.0,308.4,BoundingBoxes,YOLOv4tiny,local,Local/20250912_194252_BBoxes-YOLOv4tiny_webcam.csv,4
2025-09-12T19:42:56,2.38,419.72,100.0,308.4,BoundingBoxes,YOLOv4tiny,local,Local/20250912_194252_BBoxes-YOLOv4tiny_webcam.csv,5
2025-09-12T19:42:57,2.32,431.32,100.0,308.4,BoundingBoxes,YOLOv4tiny,local,Local/20250912_194252_BBoxes-YOLOv4tiny_webcam.csv,6
2025-09-12T19:42:57,2.36,424.62,100.0,308.4,BoundingBoxes,YOLOv4tiny,local,Local/20250912_194252_BBoxes-YOLOv4tiny_webcam.csv,7
2025-09-12T19:42:58,2.37,422.29,100.0,308.4,BoundingBoxes,YOLOv4tiny,local,Local/20250912_194252_BBoxes-YOLOv4tiny_webcam.csv,8
2025-09-12T19:42:58,2.33,429.17,100.0,308.4,BoundingBoxes,YOLOv4tiny,local,Local/20250912_194252_BBoxes-YOLOv4tiny_webcam.csv,9
2025-09-12T19:42:58,2.38,419.92,100.0,308.9,BoundingBoxes,YOLOv4tiny,local,Local/20250912_194252_BBoxes-YOLOv4tiny_webcam.csv,10
2025-09-12T19:42:59,2.38,419.33,100.0,310.8,BoundingBoxes,YOLOv4tiny,local,Local/20250912_194252_BBoxes-YOLOv4tiny_webcam.csv,11
2025-09-12T19:42:59,2.35,426.27,100.0,310.8,BoundingBoxes,YOLOv4tiny,local,Local/20250912_194252_BBoxes-YOLOv4tiny_webcam.csv,12
2025-09-12T19:43:00,2.32,431.05,100.0,310.8,BoundingBoxes,YOLOv4tiny,local,Local/20250912_194252_BBoxes-YOLOv4tiny_webcam.csv,13
2025-09-12T19:43:00,2.37,422.82,100.0,305.7,BoundingBoxes,YOLOv4tiny,local,Local/20250912_194252_BBoxes-YOLOv4tiny_webcam.csv,14
2025-09-12T19:43:01,2.36,423.0,100.0,306.4,BoundingBoxes,YOLOv4tiny,local,Local/20250912_194252_BBoxes-YOLOv4tiny_webcam.csv,15
2025-09-12T19:43:01,2.39,419.06,100.0,306.9,BoundingBoxes,YOLOv4tiny,local,Local/20250912_194252_BBoxes-YOLOv4tiny_webcam.csv,16
2025-09-12T19:43:01,2.41,415.58,100.0,308.9,BoundingBoxes,YOLOv4tiny,local,Local/20250912_194252_BBoxes-YOLOv4tiny_webcam.csv,17
2025-09-12T19:43:02,2.36,423.6,100.0,310.8,BoundingBoxes,YOLOv4tiny,local,Local/20250912_194252_BBoxes-YOLOv4tiny_webcam.csv,18
2025-09-12T19:43:02,2.4,417.22,100.0,310.8,BoundingBoxes,YOLOv4tiny,local,Local/20250912_194252_BBoxes-YOLOv4tiny_webcam.csv,19
2025-09-12T19:43:03,2.38,419.37,100.0,310.8,BoundingBoxes,YOLOv4tiny,local,Local/20250912_194252_BBoxes-YOLOv4tiny_webcam.csv,20
2025-09-12T19:43:03,2.34,426.9,100.0,305.5,BoundingBoxes,YOLOv4tiny,local,Local/20250912_194252_BBoxes-YOLOv4tiny_webcam.csv,21
2025-09-12T19:43:04,2.37,422.59,100.0,306.6,BoundingBoxes,YOLOv4tiny,local,Local/20250912_194252_BBoxes-YOLOv4tiny_webcam.csv,22
2025-09-12T19:43:04,2.36,424.03,100.0,306.8,BoundingBoxes,YOLOv4tiny,local,Local/20250912_194252_BBoxes-YOLOv4tiny_webcam.csv,23
2025-09-12T19:43:04,2.36,423.16,100.0,309.0,BoundingBoxes,YOLOv4tiny,local,Local/20250912_194252_BBoxes-YOLOv4tiny_webcam.csv,24
2025-09-12T19:43:05,2.37,422.39,100.0,310.8,BoundingBoxes,YOLOv4tiny,local,Local/20250912_194252_BBoxes-YOLOv4tiny_webcam.csv,25
2025-09-12T19:43:05,2.38,419.29,100.0,310.8,BoundingBoxes,YOLOv4tiny,local,Local/20250912_194252_BBoxes-YOLOv4tiny_webcam.csv,26
2025-09-12T19:43:06,2.39,418.9,100.0,310.8,BoundingBoxes,YOLOv4tiny,local,Local/20250912_194252_BBoxes-YOLOv4tiny_webcam.csv,27
2025-09-12T19:43:06,2.37,422.4,100.0,305.7,BoundingBoxes,YOLOv4tiny,local,Local/20250912_194252_BBoxes-YOLOv4tiny_webcam.csv,28
2025-09-12T19:43:07,2.37,421.11,100.0,306.3,BoundingBoxes,YOLOv4tiny,local,Local/20250912_194252_BBoxes-YOLOv4tiny_webcam.csv,29
2025-09-12T19:43:07,2.36,423.39,100.0,307.0,BoundingBoxes,YOLOv4tiny,local,Local/20250912_194252_BBoxes-YOLOv4tiny_webcam.csv,30
2025-09-12T19:43:07,2.34,426.97,100.0,308.8,BoundingBoxes,YOLOv4tiny,local,Local/20250912_194252_BBoxes-YOLOv4tiny_webcam.csv,31
2025-09-12T19:43:08,2.37,421.57,100.0,310.8,BoundingBoxes,YOLOv4tiny,local,Local/20250912_194252_BBoxes-YOLOv4tiny_webcam.csv,32
2025-09-12T19:43:08,2.37,421.49,100.0,310.8,BoundingBoxes,YOLOv4tiny,local,Local/20250912_194252_BBoxes-YOLOv4tiny_webcam.csv,33
2025-09-12T19:43:09,2.35,425.5,100.0,310.8,BoundingBoxes,YOLOv4tiny,local,Local/20250912_194252_BBoxes-YOLOv4tiny_webcam.csv,34
2025-09-12T19:43:09,2.33,428.57,100.0,305.6,BoundingBoxes,YOLOv4tiny,local,Local/20250912_194252_BBoxes-YOLOv4tiny_webcam.csv,35
2025-09-12T19:43:10,2.36,424.55,100.0,306.5,BoundingBoxes,YOLOv4tiny,local,Local/20250912_194252_BBoxes-YOLOv4tiny_webcam.csv,36
2025-09-12T19:43:10,2.38,419.78,100.0,307.0,BoundingBoxes,YOLOv4tiny,local,Local/20250912_194252_BBoxes-YOLOv4tiny_webcam.csv,37
2025-09-12T19:43:10,2.36,423.11,100.0,308.8,BoundingBoxes,YOLOv4tiny,local,Local/20250912_194252_BBoxes-YOLOv4tiny_webcam.csv,38
2025-09-12T19:43:11,2.37,422.33,100.0,311.0,BoundingBoxes,YOLOv4tiny,local,Local/20250912_194252_BBoxes-YOLOv4tiny_webcam.csv,39
2025-09-12T19:43:11,2.39,419.17,100.0,311.0,BoundingBoxes,YOLOv4tiny,local,Local/20250912_194252_BBoxes-YOLOv4tiny_webcam.csv,40
2025-09-12T19:43:12,2.38,419.45,100.0,311.0,BoundingBoxes,YOLOv4tiny,local,Local/20250912_194252_BBoxes-YOLOv4tiny_webcam.csv,41
2025-09-12T19:43:12,2.36,423.04,100.0,305.6,BoundingBoxes,YOLOv4tiny,local,Local/20250912_194252_BBoxes-YOLOv4tiny_webcam.csv,42
2025-09-12T19:43:13,2.38,420.85,100.0,306.6,BoundingBoxes,YOLOv4tiny,local,Local/20250912_194252_BBoxes-YOLOv4tiny_webcam.csv,43
2025-09-12T19:43:13,2.35,424.91,100.0,306.8,BoundingBoxes,YOLOv4tiny,local,Local/20250912_194252_BBoxes-YOLOv4tiny_webcam.csv,44
2025-09-12T19:43:13,2.41,414.95,100.0,309.1,BoundingBoxes,YOLOv4tiny,local,Local/20250912_194252_BBoxes-YOLOv4tiny_webcam.csv,45
2025-09-12T19:43:14,2.36,423.32,100.0,310.8,BoundingBoxes,YOLOv4tiny,local,Local/20250912_194252_BBoxes-YOLOv4tiny_webcam.csv,46
2025-09-12T19:43:14,2.38,419.52,100.0,310.8,BoundingBoxes,YOLOv4tiny,local,Local/20250912_194252_BBoxes-YOLOv4tiny_webcam.csv,47
2025-09-12T19:43:15,2.4,416.6,100.0,310.8,BoundingBoxes,YOLOv4tiny,local,Local/20250912_194252_BBoxes-YOLOv4tiny_webcam.csv,48
2025-09-12T19:43:15,2.38,420.28,100.0,305.6,BoundingBoxes,YOLOv4tiny,local,Local/20250912_194252_BBoxes-YOLOv4tiny_webcam.csv,49
2025-09-12T19:43:16,2.4,416.09,100.0,306.4,BoundingBoxes,YOLOv4tiny,local,Local/20250912_194252_BBoxes-YOLOv4tiny_webcam.csv,50
2025-09-12T19:43:16,2.39,418.94,100.0,306.9,BoundingBoxes,YOLOv4tiny,local,Local/20250912_194252_BBoxes-YOLOv4tiny_webcam.csv,51
2025-09-12T19:43:16,2.41,415.54,100.0,308.7,BoundingBoxes,YOLOv4tiny,local,Local/20250912_194252_BBoxes-YOLOv4tiny_webcam.csv,52
2025-09-12T19:43:17,2.36,422.83,100.0,311.0,BoundingBoxes,YOLOv4tiny,local,Local/20250912_194252_BBoxes-YOLOv4tiny_webcam.csv,53
2025-09-12T19:43:17,2.39,418.25,100.0,311.0,BoundingBoxes,YOLOv4tiny,local,Local/20250912_194252_BBoxes-YOLOv4tiny_webcam.csv,54
2025-09-12T19:43:18,2.42,413.89,100.0,311.0,BoundingBoxes,YOLOv4tiny,local,Local/20250912_194252_BBoxes-YOLOv4tiny_webcam.csv,55
2025-09-12T19:43:18,2.32,430.88,100.0,305.7,BoundingBoxes,YOLOv4tiny,local,Local/20250912_194252_BBoxes-YOLOv4tiny_webcam.csv,56
2025-09-12T19:43:19,2.37,422.21,100.0,306.4,BoundingBoxes,YOLOv4tiny,local,Local/20250912_194252_BBoxes-YOLOv4tiny_webcam.csv,57
2025-09-12T19:43:19,2.4,417.42,100.0,306.9,BoundingBoxes,YOLOv4tiny,local,Local/20250912_194252_BBoxes-YOLOv4tiny_webcam.csv,58
2025-09-12T19:43:19,2.33,428.61,100.0,308.9,BoundingBoxes,YOLOv4tiny,local,Local/20250912_194252_BBoxes-YOLOv4tiny_webcam.csv,59
2025-09-12T19:43:20,2.36,423.77,100.0,310.8,BoundingBoxes,YOLOv4tiny,local,Local/20250912_194252_BBoxes-YOLOv4tiny_webcam.csv,60
2025-09-12T19:43:20,2.38,420.4,100.0,310.8,BoundingBoxes,YOLOv4tiny,local,Local/20250912_194252_BBoxes-YOLOv4tiny_webcam.csv,61
2025-09-12T19:43:21,2.37,421.74,100.0,310.8,BoundingBoxes,YOLOv4tiny,local,Local/20250912_194252_BBoxes-YOLOv4tiny_webcam.csv,62
2025-09-12T19:43:21,2.34,428.05,100.0,305.6,BoundingBoxes,YOLOv4tiny,local,Local/20250912_194252_BBoxes-YOLOv4tiny_webcam.csv,63
2025-09-12T19:43:22,2.38,420.92,100.0,306.6,BoundingBoxes,YOLOv4tiny,local,Local/20250912_194252_BBoxes-YOLOv4tiny_webcam.csv,64
2025-09-12T19:43:22,2.37,421.57,100.0,307.0,BoundingBoxes,YOLOv4tiny,local,Local/20250912_194252_BBoxes-YOLOv4tiny_webcam.csv,65
2025-09-12T19:43:22,2.38,419.46,100.0,309.0,BoundingBoxes,YOLOv4tiny,local,Local/20250912_194252_BBoxes-YOLOv4tiny_webcam.csv,66
2025-09-12T19:43:23,2.39,419.22,100.0,310.8,BoundingBoxes,YOLOv4tiny,local,Local/20250912_194252_BBoxes-YOLOv4tiny_webcam.csv,67
2025-09-12T19:43:23,2.36,423.72,100.0,310.8,BoundingBoxes,YOLOv4tiny,local,Local/20250912_194252_BBoxes-YOLOv4tiny_webcam.csv,68
2025-09-12T19:43:24,2.41,414.7,100.0,310.8,BoundingBoxes,YOLOv4tiny,local,Local/20250912_194252_BBoxes-YOLOv4tiny_webcam.csv,69
2025-09-12T19:43:24,2.34,427.21,100.0,305.6,BoundingBoxes,YOLOv4tiny,local,Local/20250912_194252_BBoxes-YOLOv4tiny_webcam.csv,70
2025-09-12T19:43:25,2.37,421.92,100.0,306.6,BoundingBoxes,YOLOv4tiny,local,Local/20250912_194252_BBoxes-YOLOv4tiny_webcam.csv,71
2025-09-12T19:43:25,2.39,418.53,100.0,307.1,BoundingBoxes,YOLOv4tiny,local,Local/20250912_194252_BBoxes-YOLOv4tiny_webcam.csv,72
2025-09-12T19:43:25,2.39,418.48,100.0,308.9,BoundingBoxes,YOLOv4tiny,local,Local/20250912_194252_BBoxes-YOLOv4tiny_webcam.csv,73
2025-09-12T19:43:26,2.36,422.9,100.0,310.8,BoundingBoxes,YOLOv4tiny,local,Local/20250912_194252_BBoxes-YOLOv4tiny_webcam.csv,74
2025-09-12T19:43:26,2.36,424.25,100.0,310.8,BoundingBoxes,YOLOv4tiny,local,Local/20250912_194252_BBoxes-YOLOv4tiny_webcam.csv,75
2025-09-12T19:43:27,2.4,416.5,100.0,310.8,BoundingBoxes,YOLOv4tiny,local,Local/20250912_194252_BBoxes-YOLOv4tiny_webcam.csv,76
2025-09-12T19:43:27,2.34,427.11,100.0,305.6,BoundingBoxes,YOLOv4tiny,local,Local/20250912_194252_BBoxes-YOLOv4tiny_webcam.csv,77
2025-09-12T19:43:28,2.38,420.59,100.0,306.6,BoundingBoxes,YOLOv4tiny,local,Local/20250912_194252_BBoxes-YOLOv4tiny_webcam.csv,78
2025-09-12T19:43:28,2.39,418.26,100.0,306.8,BoundingBoxes,YOLOv4tiny,local,Local/20250912_194252_BBoxes-YOLOv4tiny_webcam.csv,79
2025-09-12T19:43:28,2.37,422.23,100.0,308.9,BoundingBoxes,YOLOv4tiny,local,Local/20250912_194252_BBoxes-YOLOv4tiny_webcam.csv,80
2025-09-12T19:43:29,2.37,421.99,100.0,310.9,BoundingBoxes,YOLOv4tiny,local,Local/20250912_194252_BBoxes-YOLOv4tiny_webcam.csv,81
2025-09-12T19:43:29,2.36,423.28,100.0,310.9,BoundingBoxes,YOLOv4tiny,local,Local/20250912_194252_BBoxes-YOLOv4tiny_webcam.csv,82
2025-09-12T19:43:30,2.36,423.74,100.0,310.9,BoundingBoxes,YOLOv4tiny,local,Local/20250912_194252_BBoxes-YOLOv4tiny_webcam.csv,83
2025-09-12T19:43:30,2.35,425.85,100.0,305.5,BoundingBoxes,YOLOv4tiny,local,Local/20250912_194252_BBoxes-YOLOv4tiny_webcam.csv,84
2025-09-12T19:43:31,2.36,423.25,100.0,306.5,BoundingBoxes,YOLOv4tiny,local,Local/20250912_194252_BBoxes-YOLOv4tiny_webcam.csv,85
2025-09-12T19:43:31,2.32,431.23,100.0,307.0,BoundingBoxes,YOLOv4tiny,local,Local/20250912_194252_BBoxes-YOLOv4tiny_webcam.csv,86
2025-09-12T19:43:32,2.36,424.49,100.0,308.9,BoundingBoxes,YOLOv4tiny,local,Local/20250912_194252_BBoxes-YOLOv4tiny_webcam.csv,87
2025-09-12T19:43:32,2.34,427.04,100.0,310.9,BoundingBoxes,YOLOv4tiny,local,Local/20250912_194252_BBoxes-YOLOv4tiny_webcam.csv,88
2025-09-12T19:43:32,2.4,417.53,100.0,310.9,BoundingBoxes,YOLOv4tiny,local,Local/20250912_194252_BBoxes-YOLOv4tiny_webcam.csv,89
2025-09-12T19:43:33,2.38,420.94,100.0,310.9,BoundingBoxes,YOLOv4tiny,local,Local/20250912_194252_BBoxes-YOLOv4tiny_webcam.csv,90
2025-09-12T19:43:33,2.35,426.37,100.0,305.6,BoundingBoxes,YOLOv4tiny,local,Local/20250912_194252_BBoxes-YOLOv4tiny_webcam.csv,91
2025-09-12T19:43:34,2.37,421.13,100.0,306.6,BoundingBoxes,YOLOv4tiny,local,Local/20250912_194252_BBoxes-YOLOv4tiny_webcam.csv,92
2025-09-12T19:43:34,2.34,426.52,100.0,307.0,BoundingBoxes,YOLOv4tiny,local,Local/20250912_194252_BBoxes-YOLOv4tiny_webcam.csv,93
2025-09-12T19:43:35,2.37,422.1,100.0,309.0,BoundingBoxes,YOLOv4tiny,local,Local/20250912_194252_BBoxes-YOLOv4tiny_webcam.csv,94
2025-09-12T19:43:35,2.36,424.0,100.0,311.0,BoundingBoxes,YOLOv4tiny,local,Local/20250912_194252_BBoxes-YOLOv4tiny_webcam.csv,95
2025-09-12T19:43:35,2.4,416.38,100.0,311.0,BoundingBoxes,YOLOv4tiny,local,Local/20250912_194252_BBoxes-YOLOv4tiny_webcam.csv,96
2025-09-12T19:43:36,2.38,420.57,100.0,311.0,BoundingBoxes,YOLOv4tiny,local,Local/20250912_194252_BBoxes-YOLOv4tiny_webcam.csv,97
2025-09-12T19:43:36,2.32,430.46,100.0,305.6,BoundingBoxes,YOLOv4tiny,local,Local/20250912_194252_BBoxes-YOLOv4tiny_webcam.csv,98
2025-09-12T19:43:37,2.36,423.92,100.0,306.5,BoundingBoxes,YOLOv4tiny,local,Local/20250912_194252_BBoxes-YOLOv4tiny_webcam.csv,99
2025-09-12T19:43:37,2.38,419.89,100.0,306.9,BoundingBoxes,YOLOv4tiny,local,Local/20250912_194252_BBoxes-YOLOv4tiny_webcam.csv,100
2025-09-12T19:43:38,2.37,421.91,100.0,308.9,BoundingBoxes,YOLOv4tiny,local,Local/20250912_194252_BBoxes-YOLOv4tiny_webcam.csv,101
2025-09-12T19:43:38,2.35,425.81,100.0,310.9,BoundingBoxes,YOLOv4tiny,local,Local/20250912_194252_BBoxes-YOLOv4tiny_webcam.csv,102
2025-09-12T19:43:38,2.39,418.28,100.0,310.9,BoundingBoxes,YOLOv4tiny,local,Local/20250912_194252_BBoxes-YOLOv4tiny_webcam.csv,103
2025-09-12T19:43:39,2.35,425.45,100.0,310.9,BoundingBoxes,YOLOv4tiny,local,Local/20250912_194252_BBoxes-YOLOv4tiny_webcam.csv,104
2025-09-12T19:43:39,2.35,426.03,100.0,305.6,BoundingBoxes,YOLOv4tiny,local,Local/20250912_194252_BBoxes-YOLOv4tiny_webcam.csv,105
2025-09-12T19:43:40,2.35,425.54,100.0,306.5,BoundingBoxes,YOLOv4tiny,local,Local/20250912_194252_BBoxes-YOLOv4tiny_webcam.csv,106
2025-09-12T19:43:40,2.39,418.35,100.0,306.9,BoundingBoxes,YOLOv4tiny,local,Local/20250912_194252_BBoxes-YOLOv4tiny_webcam.csv,107
2025-09-12T19:43:41,2.37,421.27,100.0,308.9,BoundingBoxes,YOLOv4tiny,local,Local/20250912_194252_BBoxes-YOLOv4tiny_webcam.csv,108
2025-09-12T19:43:41,2.38,420.06,100.0,310.9,BoundingBoxes,YOLOv4tiny,local,Local/20250912_194252_BBoxes-YOLOv4tiny_webcam.csv,109
2025-09-12T19:43:41,2.38,420.38,100.0,310.9,BoundingBoxes,YOLOv4tiny,local,Local/20250912_194252_BBoxes-YOLOv4tiny_webcam.csv,110
2025-09-12T19:43:42,2.35,425.9,100.0,310.9,BoundingBoxes,YOLOv4tiny,local,Local/20250912_194252_BBoxes-YOLOv4tiny_webcam.csv,111
2025-09-12T19:43:42,2.35,424.68,100.0,305.6,BoundingBoxes,YOLOv4tiny,local,Local/20250912_194252_BBoxes-YOLOv4tiny_webcam.csv,112
2025-09-12T19:43:43,2.38,420.94,100.0,306.6,BoundingBoxes,YOLOv4tiny,local,Local/20250912_194252_BBoxes-YOLOv4tiny_webcam.csv,113
2025-09-12T19:43:43,2.38,420.02,100.0,306.9,BoundingBoxes,YOLOv4tiny,local,Local/20250912_194252_BBoxes-YOLOv4tiny_webcam.csv,114
2025-09-12T19:43:44,2.39,418.75,100.0,308.9,BoundingBoxes,YOLOv4tiny,local,Local/20250912_194252_BBoxes-YOLOv4tiny_webcam.csv,115
2025-09-12T19:43:44,2.39,418.74,100.0,310.9,BoundingBoxes,YOLOv4tiny,local,Local/20250912_194252_BBoxes-YOLOv4tiny_webcam.csv,116
2025-09-12T19:43:44,2.37,421.44,100.0,310.9,BoundingBoxes,YOLOv4tiny,local,Local/20250912_194252_BBoxes-YOLOv4tiny_webcam.csv,117
2025-09-12T19:43:45,2.36,423.63,100.0,310.9,BoundingBoxes,YOLOv4tiny,local,Local/20250912_194252_BBoxes-YOLOv4tiny_webcam.csv,118
2025-09-12T19:43:45,2.34,427.35,100.0,305.7,BoundingBoxes,YOLOv4tiny,local,Local/20250912_194252_BBoxes-YOLOv4tiny_webcam.csv,119
2025-09-12T19:43:46,2.38,420.19,100.0,306.5,BoundingBoxes,YOLOv4tiny,local,Local/20250912_194252_BBoxes-YOLOv4tiny_webcam.csv,120
2025-09-12T19:43:46,2.39,419.12,100.0,306.8,BoundingBoxes,YOLOv4tiny,local,Local/20250912_194252_BBoxes-YOLOv4tiny_webcam.csv,121
2025-09-12T19:43:47,2.38,420.23,100.0,308.8,BoundingBoxes,YOLOv4tiny,local,Local/20250912_194252_BBoxes-YOLOv4tiny_webcam.csv,122
2025-09-12T19:43:47,2.34,427.38,100.0,311.0,BoundingBoxes,YOLOv4tiny,local,Local/20250912_194252_BBoxes-YOLOv4tiny_webcam.csv,123
2025-09-12T19:43:47,2.4,416.96,100.0,311.0,BoundingBoxes,YOLOv4tiny,local,Local/20250912_194252_BBoxes-YOLOv4tiny_webcam.csv,124
2025-09-12T19:43:48,2.35,425.04,100.0,311.0,BoundingBoxes,YOLOv4tiny,local,Local/20250912_194252_BBoxes-YOLOv4tiny_webcam.csv,125
2025-09-12T19:43:48,2.32,430.26,100.0,305.5,BoundingBoxes,YOLOv4tiny,local,Local/20250912_194252_BBoxes-YOLOv4tiny_webcam.csv,126
2025-09-12T19:43:49,2.37,422.34,100.0,306.5,BoundingBoxes,YOLOv4tiny,local,Local/20250912_194252_BBoxes-YOLOv4tiny_webcam.csv,127
2025-09-12T19:43:49,2.37,422.45,100.0,306.9,BoundingBoxes,YOLOv4tiny,local,Local/20250912_194252_BBoxes-YOLOv4tiny_webcam.csv,128
2025-09-12T19:43:50,2.36,424.07,100.0,308.9,BoundingBoxes,YOLOv4tiny,local,Local/20250912_194252_BBoxes-YOLOv4tiny_webcam.csv,129
2025-09-12T19:43:50,2.37,422.79,100.0,311.0,BoundingBoxes,YOLOv4tiny,local,Local/20250912_194252_BBoxes-YOLOv4tiny_webcam.csv,130
2025-09-12T19:43:50,2.4,417.26,100.0,311.0,BoundingBoxes,YOLOv4tiny,local,Local/20250912_194252_BBoxes-YOLOv4tiny_webcam.csv,131
2025-09-12T19:43:51,2.36,424.28,100.0,311.0,BoundingBoxes,YOLOv4tiny,local,Local/20250912_194252_BBoxes-YOLOv4tiny_webcam.csv,132
2025-09-12T19:43:51,2.36,422.85,100.0,305.7,BoundingBoxes,YOLOv4tiny,local,Local/20250912_194252_BBoxes-YOLOv4tiny_webcam.csv,133
2025-09-12T19:43:52,2.36,422.98,100.0,306.7,BoundingBoxes,YOLOv4tiny,local,Local/20250912_194252_BBoxes-YOLOv4tiny_webcam.csv,134
2025-09-12T19:43:52,2.38,420.74,100.0,306.9,BoundingBoxes,YOLOv4tiny,local,Local/20250912_194252_BBoxes-YOLOv4tiny_webcam.csv,135
2025-09-12T19:43:53,2.38,420.56,100.0,309.0,BoundingBoxes,YOLOv4tiny,local,Local/20250912_194252_BBoxes-YOLOv4tiny_webcam.csv,136
2025-09-12T19:43:53,2.39,417.77,100.0,310.9,BoundingBoxes,YOLOv4tiny,local,Local/20250912_194252_BBoxes-YOLOv4tiny_webcam.csv,137
2025-09-12T19:43:54,2.36,424.5,100.0,310.9,BoundingBoxes,YOLOv4tiny,local,Local/20250912_194252_BBoxes-YOLOv4tiny_webcam.csv,138
2025-09-12T19:43:54,2.35,426.26,100.0,310.9,BoundingBoxes,YOLOv4tiny,local,Local/20250912_194252_BBoxes-YOLOv4tiny_webcam.csv,139
2025-09-12T19:43:54,2.34,426.77,100.0,305.5,BoundingBoxes,YOLOv4tiny,local,Local/20250912_194252_BBoxes-YOLOv4tiny_webcam.csv,140
2025-09-12T19:43:55,2.37,422.56,100.0,306.4,BoundingBoxes,YOLOv4tiny,local,Local/20250912_194252_BBoxes-YOLOv4tiny_webcam.csv,141
2025-09-12T19:43:55,2.39,417.71,100.0,306.9,BoundingBoxes,YOLOv4tiny,local,Local/20250912_194252_BBoxes-YOLOv4tiny_webcam.csv,142
2025-09-12T19:43:56,2.37,421.1,100.0,308.8,BoundingBoxes,YOLOv4tiny,local,Local/20250912_194252_BBoxes-YOLOv4tiny_webcam.csv,143
2025-09-12T19:43:56,2.39,418.3,100.0,310.9,BoundingBoxes,YOLOv4tiny,local,Local/20250912_194252_BBoxes-YOLOv4tiny_webcam.csv,144
2025-09-12T19:43:57,2.4,416.4,100.0,310.9,BoundingBoxes,YOLOv4tiny,local,Local/20250912_194252_BBoxes-YOLOv4tiny_webcam.csv,145
2025-09-12T19:43:57,2.25,443.62,100.0,310.9,BoundingBoxes,YOLOv4tiny,local,Local/20250912_194252_BBoxes-YOLOv4tiny_webcam.csv,146
2025-09-12T19:43:57,2.35,425.62,100.0,305.7,BoundingBoxes,YOLOv4tiny,local,Local/20250912_194252_BBoxes-YOLOv4tiny_webcam.csv,147
2025-09-12T19:43:58,2.37,422.82,100.0,306.5,BoundingBoxes,YOLOv4tiny,local,Local/20250912_194252_BBoxes-YOLOv4tiny_webcam.csv,148
2025-09-12T19:43:58,2.37,421.09,100.0,306.9,BoundingBoxes,YOLOv4tiny,local,Local/20250912_194252_BBoxes-YOLOv4tiny_webcam.csv,149
2025-09-12T19:43:59,2.36,424.42,100.0,308.8,BoundingBoxes,YOLOv4tiny,local,Local/20250912_194252_BBoxes-YOLOv4tiny_webcam.csv,150
2025-09-12T19:43:59,2.37,422.54,100.0,310.9,BoundingBoxes,YOLOv4tiny,local,Local/20250912_194252_BBoxes-YOLOv4tiny_webcam.csv,151
2025-09-12T19:44:00,2.28,438.86,100.0,310.9,BoundingBoxes,YOLOv4tiny,local,Local/20250912_194252_BBoxes-YOLOv4tiny_webcam.csv,152
2025-09-12T19:44:00,2.25,444.08,100.0,310.9,BoundingBoxes,YOLOv4tiny,local,Local/20250912_194252_BBoxes-YOLOv4tiny_webcam.csv,153
2025-09-12T19:44:00,2.31,432.62,100.0,305.7,BoundingBoxes,YOLOv4tiny,local,Local/20250912_194252_BBoxes-YOLOv4tiny_webcam.csv,154
2025-09-12T19:44:01,2.33,429.61,100.0,306.5,BoundingBoxes,YOLOv4tiny,local,Local/20250912_194252_BBoxes-YOLOv4tiny_webcam.csv,155
2025-09-12T19:44:01,2.32,430.41,100.0,306.9,BoundingBoxes,YOLOv4tiny,local,Local/20250912_194252_BBoxes-YOLOv4tiny_webcam.csv,156
2025-09-12T19:44:02,2.29,437.24,100.0,308.9,BoundingBoxes,YOLOv4tiny,local,Local/20250912_194252_BBoxes-YOLOv4tiny_webcam.csv,157
2025-09-12T19:44:02,2.29,436.91,100.0,310.9,BoundingBoxes,YOLOv4tiny,local,Local/20250912_194252_BBoxes-YOLOv4tiny_webcam.csv,158
2025-09-12T19:44:03,2.3,433.87,100.0,310.9,BoundingBoxes,YOLOv4tiny,local,Local/20250912_194252_BBoxes-YOLOv4tiny_webcam.csv,159
2025-09-12T19:44:03,2.3,435.1,100.0,310.9,BoundingBoxes,YOLOv4tiny,local,Local/20250912_194252_BBoxes-YOLOv4tiny_webcam.csv,160
2025-09-12T19:44:04,2.34,427.0,100.0,305.6,BoundingBoxes,YOLOv4tiny,local,Local/20250912_194252_BBoxes-YOLOv4tiny_webcam.csv,161
2025-09-12T19:44:04,2.29,437.07,100.0,306.3,BoundingBoxes,YOLOv4tiny,local,Local/20250912_194252_BBoxes-YOLOv4tiny_webcam.csv,162
2025-09-12T19:44:04,2.31,433.56,100.0,307.0,BoundingBoxes,YOLOv4tiny,local,Local/20250912_194252_BBoxes-YOLOv4tiny_webcam.csv,163
2025-09-12T19:44:05,2.29,437.36,100.0,308.8,BoundingBoxes,YOLOv4tiny,local,Local/20250912_194252_BBoxes-YOLOv4tiny_webcam.csv,164
2025-09-12T19:44:05,2.3,435.0,100.0,310.7,BoundingBoxes,YOLOv4tiny,local,Local/20250912_194252_BBoxes-YOLOv4tiny_webcam.csv,165
2025-09-12T19:44:06,2.3,434.29,100.0,310.7,BoundingBoxes,YOLOv4tiny,local,Local/20250912_194252_BBoxes-YOLOv4tiny_webcam.csv,166
2025-09-12T19:44:06,2.32,431.87,100.0,310.7,BoundingBoxes,YOLOv4tiny,local,Local/20250912_194252_BBoxes-YOLOv4tiny_webcam.csv,167
2025-09-12T19:44:07,2.29,436.55,100.0,305.6,BoundingBoxes,YOLOv4tiny,local,Local/20250912_194252_BBoxes-YOLOv4tiny_webcam.csv,168
2025-09-12T19:44:07,2.3,435.41,100.0,306.3,BoundingBoxes,YOLOv4tiny,local,Local/20250912_194252_BBoxes-YOLOv4tiny_webcam.csv,169
2025-09-12T19:44:08,2.3,433.96,100.0,306.8,BoundingBoxes,YOLOv4tiny,local,Local/20250912_194252_BBoxes-YOLOv4tiny_webcam.csv,170
2025-09-12T19:44:08,2.25,444.75,100.0,309.0,BoundingBoxes,YOLOv4tiny,local,Local/20250912_194252_BBoxes-YOLOv4tiny_webcam.csv,171
2025-09-12T19:44:08,2.28,438.73,100.0,311.0,BoundingBoxes,YOLOv4tiny,local,Local/20250912_194252_BBoxes-YOLOv4tiny_webcam.csv,172
2025-09-12T19:44:09,2.29,436.6,100.0,311.0,BoundingBoxes,YOLOv4tiny,local,Local/20250912_194252_BBoxes-YOLOv4tiny_webcam.csv,173
2025-09-12T19:44:09,2.3,435.51,100.0,311.0,BoundingBoxes,YOLOv4tiny,local,Local/20250912_194252_BBoxes-YOLOv4tiny_webcam.csv,174
2025-09-12T19:44:10,2.26,442.33,100.0,305.6,BoundingBoxes,YOLOv4tiny,local,Local/20250912_194252_BBoxes-YOLOv4tiny_webcam.csv,175
2025-09-12T19:44:10,2.31,432.52,100.0,306.6,BoundingBoxes,YOLOv4tiny,local,Local/20250912_194252_BBoxes-YOLOv4tiny_webcam.csv,176
2025-09-12T19:44:11,2.32,430.66,100.0,306.9,BoundingBoxes,YOLOv4tiny,local,Local/20250912_194252_BBoxes-YOLOv4tiny_webcam.csv,177
2025-09-12T19:44:11,2.31,433.56,100.0,308.9,BoundingBoxes,YOLOv4tiny,local,Local/20250912_194252_BBoxes-YOLOv4tiny_webcam.csv,178
2025-09-12T19:44:12,2.34,428.25,100.0,310.8,BoundingBoxes,YOLOv4tiny,local,Local/20250912_194252_BBoxes-YOLOv4tiny_webcam.csv,179
2025-09-12T19:44:12,2.27,440.96,100.0,310.8,BoundingBoxes,YOLOv4tiny,local,Local/20250912_194252_BBoxes-YOLOv4tiny_webcam.csv,180
2025-09-12T19:44:12,2.32,431.68,100.0,310.8,BoundingBoxes,YOLOv4tiny,local,Local/20250912_194252_BBoxes-YOLOv4tiny_webcam.csv,181
2025-09-12T19:44:13,2.27,440.86,100.0,305.6,BoundingBoxes,YOLOv4tiny,local,Local/20250912_194252_BBoxes-YOLOv4tiny_webcam.csv,182
2025-09-12T19:44:13,2.31,433.61,100.0,306.4,BoundingBoxes,YOLOv4tiny,local,Local/20250912_194252_BBoxes-YOLOv4tiny_webcam.csv,183
2025-09-12T19:44:14,2.31,433.82,100.0,306.9,BoundingBoxes,YOLOv4tiny,local,Local/20250912_194252_BBoxes-YOLOv4tiny_webcam.csv,184
2025-09-12T19:44:14,2.31,432.64,100.0,308.9,BoundingBoxes,YOLOv4tiny,local,Local/20250912_194252_BBoxes-YOLOv4tiny_webcam.csv,185
2025-09-12T19:44:15,2.29,436.92,100.0,310.9,BoundingBoxes,YOLOv4tiny,local,Local/20250912_194252_BBoxes-YOLOv4tiny_webcam.csv,186
2025-09-12T19:44:15,2.29,436.07,100.0,310.9,BoundingBoxes,YOLOv4tiny,local,Local/20250912_194252_BBoxes-YOLOv4tiny_webcam.csv,187
2025-09-12T19:44:16,2.32,430.83,100.0,310.9,BoundingBoxes,YOLOv4tiny,local,Local/20250912_194252_BBoxes-YOLOv4tiny_webcam.csv,188
2025-09-12T19:44:16,2.26,442.31,100.0,305.6,BoundingBoxes,YOLOv4tiny,local,Local/20250912_194252_BBoxes-YOLOv4tiny_webcam.csv,189
2025-09-12T19:44:16,2.3,434.17,100.0,306.3,BoundingBoxes,YOLOv4tiny,local,Local/20250912_194252_BBoxes-YOLOv4tiny_webcam.csv,190
2025-09-12T19:44:17,2.26,441.71,100.0,306.8,BoundingBoxes,YOLOv4tiny,local,Local/20250912_194252_BBoxes-YOLOv4tiny_webcam.csv,191
2025-09-12T19:44:17,2.29,435.77,100.0,308.8,BoundingBoxes,YOLOv4tiny,local,Local/20250912_194252_BBoxes-YOLOv4tiny_webcam.csv,192
2025-09-12T19:44:18,2.29,437.13,100.0,310.8,BoundingBoxes,YOLOv4tiny,local,Local/20250912_194252_BBoxes-YOLOv4tiny_webcam.csv,193
2025-09-12T19:44:18,2.27,440.71,100.0,310.8,BoundingBoxes,YOLOv4tiny,local,Local/20250912_194252_BBoxes-YOLOv4tiny_webcam.csv,194
2025-09-12T19:44:19,2.3,434.2,100.0,310.8,BoundingBoxes,YOLOv4tiny,local,Local/20250912_194252_BBoxes-YOLOv4tiny_webcam.csv,195
2025-09-12T19:44:19,2.26,442.43,100.0,305.6,BoundingBoxes,YOLOv4tiny,local,Local/20250912_194252_BBoxes-YOLOv4tiny_webcam.csv,196
2025-09-12T19:44:20,2.28,439.18,100.0,306.5,BoundingBoxes,YOLOv4tiny,local,Local/20250912_194252_BBoxes-YOLOv4tiny_webcam.csv,197
2025-09-12T19:44:20,2.26,443.09,100.0,307.0,BoundingBoxes,YOLOv4tiny,local,Local/20250912_194252_BBoxes-YOLOv4tiny_webcam.csv,198
2025-09-12T19:44:20,2.29,437.6,100.0,309.0,BoundingBoxes,YOLOv4tiny,local,Local/20250912_194252_BBoxes-YOLOv4tiny_webcam.csv,199
2025-09-12T19:44:21,2.28,438.98,100.0,310.8,BoundingBoxes,YOLOv4tiny,local,Local/20250912_194252_BBoxes-YOLOv4tiny_webcam.csv,200
2025-09-12T19:44:21,2.3,435.0,100.0,310.8,BoundingBoxes,YOLOv4tiny,local,Local/20250912_194252_BBoxes-YOLOv4tiny_webcam.csv,201
2025-09-12T19:44:22,2.31,433.67,100.0,310.8,BoundingBoxes,YOLOv4tiny,local,Local/20250912_194252_BBoxes-YOLOv4tiny_webcam.csv,202
2025-09-12T19:44:22,2.28,439.02,100.0,305.5,BoundingBoxes,YOLOv4tiny,local,Local/20250912_194252_BBoxes-YOLOv4tiny_webcam.csv,203
2025-09-12T19:44:23,2.29,436.95,100.0,306.5,BoundingBoxes,YOLOv4tiny,local,Local/20250912_194252_BBoxes-YOLOv4tiny_webcam.csv,204
2025-09-12T19:44:23,2.28,437.88,100.0,306.8,BoundingBoxes,YOLOv4tiny,local,Local/20250912_194252_BBoxes-YOLOv4tiny_webcam.csv,205
2025-09-12T19:44:24,2.31,433.02,100.0,308.8,BoundingBoxes,YOLOv4tiny,local,Local/20250912_194252_BBoxes-YOLOv4tiny_webcam.csv,206
2025-09-12T19:47:28,0.0,26094.6,0.0,826.79296875,KeyPoints,ResNet50,local,Local/20250912_194652_KeyPoints-resnet50_webcam.csv,0
2025-09-12T19:47:28,0.0,26094.6,0.0,826.79296875,KeyPoints,ResNet50,local,Local/20250912_194652_KeyPoints-resnet50_webcam.csv,1
2025-09-12T19:48:13,0.88,29038.3,0.0,799.875,KeyPoints,ResNet50,local,Local/20250912_194652_KeyPoints-resnet50_webcam.csv,2
2025-09-12T19:48:13,0.88,29038.3,0.0,799.875,KeyPoints,ResNet50,local,Local/20250912_194652_KeyPoints-resnet50_webcam.csv,3
2025-09-12T19:48:43,0.48,28336.0,0.0,814.08984375,KeyPoints,ResNet50,local,Local/20250912_194652_KeyPoints-resnet50_webcam.csv,4
2025-09-12T19:48:43,0.48,28336.0,0.0,814.08984375,KeyPoints,ResNet50,local,Local/20250912_194652_KeyPoints-resnet50_webcam.csv,5
2025-09-12T19:49:29,0.89,28779.6,0.0,800.8046875,KeyPoints,ResNet50,local,Local/20250912_194652_KeyPoints-resnet50_webcam.csv,6
2025-09-12T19:49:29,0.89,28779.6,0.0,800.8046875,KeyPoints,ResNet50,local,Local/20250912_194652_KeyPoints-resnet50_webcam.csv,7
2025-09-12T19:49:59,0.47,30038.4,0.0,800.84375,KeyPoints,ResNet50,local,Local/20250912_194652_KeyPoints-resnet50_webcam.csv,8
2025-09-12T19:49:59,0.47,30038.4,0.0,800.84375,KeyPoints,ResNet50,local,Local/20250912_194652_KeyPoints-resnet50_webcam.csv,9
2025-09-12T19:50:31,0.32,30321.5,0.0,830.58984375,KeyPoints,ResNet50,local,Local/20250912_194652_KeyPoints-resnet50_webcam.csv,10
2025-09-12T19:50:31,0.32,30321.5,0.0,830.58984375,KeyPoints,ResNet50,local,Local/20250912_194652_KeyPoints-resnet50_webcam.csv,11
